question_id,image_width,image_height,image_tokens,multimodal_input_tokens,text_only_input_tokens,multimodal_processor_ms,text_only_processor_ms,multimodal_transfer_ms,text_only_transfer_ms,multimodal_forward_ms,text_only_forward_ms,vision_encoder_ms,multimodal_language_model_ms,text_only_language_model_ms,multimodal_other_ms,text_only_other_ms,visual_path_delta_ms,language_model_visual_token_delta_ms,multimodal_decode_ms,text_only_decode_ms,decode_visual_cache_delta_ms,multimodal_decode_ms_per_token,text_only_decode_ms_per_token
241,302,232,80,340,258,7.948624988785014,5.999583983793855,4.640250001102686,1.2607910030055791,1239.615833008429,690.5846669978928,375.38824998773634,833.174915984273,678.8850000011735,31.052667036419734,11.699666996719316,549.0311660105363,154.2899159830995,0.0,0.0,0.0,0.0,0.0
252,302,232,80,360,278,10.260624985676259,5.045875004725531,2.3862500092945993,3.656624990981072,1232.4100419937167,703.953582997201,364.1726659843698,834.6913330024108,686.4297919964883,33.54604300693609,17.523791000712663,528.4564589965157,148.26154100592248,0.0,0.0,0.0,0.0,0.0
254,232,302,80,337,255,12.293957988731563,4.5914579823147506,3.36287499521859,1.714250014629215,1296.99079200509,753.6975420080125,377.32387500000186,860.3449579968583,731.3162500213366,59.321959008229896,22.381291986675933,543.2932499970775,129.02870797552168,0.0,0.0,0.0,0.0,0.0
256,302,232,80,363,281,6.704958010232076,5.699458008166403,1.6722920117899776,1.3821669854223728,1337.626166001428,735.2342919912189,370.2587919833604,904.1797090030741,713.4262089966796,63.1876650149934,21.80808299453929,602.391874010209,190.75350000639446,0.0,0.0,0.0,0.0,0.0
258,302,232,80,338,256,9.199166990583763,5.267708009341732,2.8733329963870347,1.2329589808359742,1270.006665989058,637.2608339879662,361.3162499968894,839.3208750057966,609.0508330089506,69.36954098637216,28.210000979015604,632.7458320010919,230.27004199684598,0.0,0.0,0.0,0.0,0.0
264,312,237,70,217,145,7.308249972993508,3.6407909938134253,6.970417016418651,1.2795829970855266,988.7509590189438,609.7150419955142,355.31937499763444,561.3152089936193,587.8601250005886,72.11637502769008,21.85491699492559,379.03591702342965,-26.544916006969288,0.0,0.0,0.0,0.0,0.0
267,512,398,192,274,80,10.01741600339301,3.5983750130981207,6.261083006393164,1.4538750110659748,1655.015791009646,490.1934159861412,861.1428750155028,706.2364580051508,462.6632090075873,87.63645798899233,27.530206978553906,1164.8223750235047,243.5732489975635,0.0,0.0,0.0,0.0,0.0
269,202,202,64,214,148,6.9727079826407135,2.8807499911636114,2.547332987887785,1.3636669900733978,971.5519590245094,452.3069170245435,339.6567919990048,564.9956249981187,431.7969170224387,66.8995420273859,20.51000000210479,519.2450419999659,133.19870797568,0.0,0.0,0.0,0.0,0.0
274,202,202,64,165,99,6.4996669825632125,3.444708010647446,2.426291990559548,1.6885839868336916,849.1442500089761,369.9359580059536,304.31941599817947,481.27124999882653,344.8723329929635,63.55358401197009,25.063625012990087,479.2082920030225,136.39891700586304,0.0,0.0,0.0,0.0,0.0
278,202,202,64,169,103,4.869500000495464,2.5582500093150884,3.470124996965751,1.8179590115323663,820.6165000156034,363.4655420028139,287.5495000043884,469.69654198619537,337.76325001963414,63.370458025019616,25.702291983179748,457.1509580127895,131.93329196656123,0.0,0.0,0.0,0.0,0.0
295,364,208,66,137,69,6.58983297762461,2.2070829872973263,6.034041987732053,5.541790975257754,816.8105000222567,332.03120800317265,335.9496670018416,411.4876249805093,308.04058400099166,69.37320803990588,23.990624002180994,484.7792920190841,103.44704097951762,0.0,0.0,0.0,0.0,0.0
302,314,283,90,195,103,6.908459006808698,2.4730000004637986,2.1270410215947777,1.43012500484474,1119.3468749988824,307.7146249997895,472.77749999193475,577.3640830011573,291.016416013008,69.2052920057904,16.698208986781538,811.6322499990929,286.3476669881493,0.0,0.0,0.0,0.0,0.0
308,342,453,154,341,185,11.142750008730218,6.008374999510124,4.817999986698851,1.4802500081714243,1625.6333329947665,520.1470000029076,690.2741660014726,874.110250006197,491.0083749855403,61.24891698709689,29.138625017367303,1105.486332991859,383.10187502065673,0.0,0.0,0.0,0.0,0.0
313,342,453,154,341,185,12.231000000610948,3.939165995689109,2.9325000068638474,1.9311250071041286,1652.6275830110535,438.16616700496525,722.3117079993244,897.3870420013554,426.92883298150264,32.92883301037364,11.237334023462608,1214.4614160060883,470.4582090198528,0.0,0.0,0.0,0.0,0.0
316,294,129,78,172,92,8.103666012175381,3.6069590132683516,2.6455839979462326,3.89633298618719,961.0129579959903,363.5792919958476,420.1565420080442,469.9552090023644,346.1734160082415,70.90120698558167,17.405875987606123,597.4336660001427,123.78179299412295,0.0,0.0,0.0,0.0,0.0
344,318,371,120,291,169,9.337291994597763,3.6262079956941307,7.171250006649643,6.1746670107822865,1423.1439589930233,459.2113340040669,603.098667023005,755.0577920046635,441.7309580021538,64.9874999653548,17.4803760019131,963.9326249889564,313.3268340025097,0.0,0.0,0.0,0.0,0.0
355,512,283,144,272,126,8.57308300328441,4.476208006963134,7.2254170081578195,2.432707988191396,1456.4200419990811,396.99604199267924,675.6642910186201,720.1253749954049,371.86770801781677,60.63037598505616,25.12833397486247,1059.424000006402,348.2576669775881,0.0,0.0,0.0,0.0,0.0
362,200,202,72,163,89,5.586915998719633,2.50416700146161,2.089874993544072,5.042125005275011,921.9092499988619,337.1157920046244,389.02404098189436,468.2704169827048,314.2080830002669,64.61479203426279,22.907709004357457,584.7934579942375,154.06233398243785,0.0,0.0,0.0,0.0,0.0
364,200,202,72,156,82,6.205582991242409,2.9967090231366456,2.4059999850578606,1.585707999765873,868.7534999917261,335.07749999989755,357.8245829849038,458.1570420123171,307.91316702379845,52.7718749945052,27.164332976099104,533.6759999918286,150.24387498851866,0.0,0.0,0.0,0.0,0.0
365,426,283,117,204,85,6.549791985889897,2.1562500041909516,1.9312079821247607,1.5150420076679438,1270.0600000098348,337.9477919952478,591.7438750038855,602.4501670035534,317.8566250135191,75.86595800239593,20.091166981728747,932.1122080145869,284.5935419900343,0.0,0.0,0.0,0.0,0.0
370,426,283,117,210,91,7.503875007387251,3.685207979287952,2.5638329971116036,1.886084006400779,1271.7802920087706,353.42929197940975,607.8328749863431,608.7196250155102,336.16762500605546,55.2277920069173,17.261666973354295,918.3510000293609,272.5520000094548,0.0,0.0,0.0,0.0,0.0
371,252,192,70,188,116,7.446375006111339,2.034292003372684,2.6669169892556965,1.3675000227522105,977.5550410267897,376.76104198908433,397.06891600508243,511.36445900192484,361.82233301224187,69.12166601978242,14.938708976842463,600.7939990377054,149.54212598968297,0.0,0.0,0.0,0.0,0.0
377,491,250,120,209,87,8.711792004760355,3.6720420175697654,5.766000016592443,1.9297910039313138,1272.79395898222,360.89958299999125,609.707083000103,603.142415988259,337.7018750179559,59.94445999385789,23.197707982035354,911.8943759822287,265.4405409703031,0.0,0.0,0.0,0.0,0.0
388,302,202,70,255,183,8.222290984122083,3.698834014357999,3.0635420116595924,1.4223750040400773,1162.0584589836653,533.3849159942474,434.6084169810638,652.9172499722335,505.2170419949107,74.532792030368,28.167873999336734,628.6735429894179,147.70020797732286,0.0,0.0,0.0,0.0,0.0
399,302,202,70,230,158,7.600083015859127,3.0997919966466725,2.6555829972494394,2.148917003069073,1128.1195420015138,505.0225419981871,416.40108401770703,642.8099170152564,474.3489579996094,68.90854096855037,30.67358399857767,623.0970000033267,168.46095901564695,0.0,0.0,0.0,0.0,0.0
401,512,264,128,228,98,7.395749998977408,2.3383749939966947,2.460541989421472,2.315791993169114,1417.6884580228943,386.08783300151117,675.190708017908,674.0361669799313,358.66037500090897,68.461583025055,27.4274580006022,1031.6006250213832,315.3757919790223,0.0,0.0,0.0,0.0,0.0
403,331,350,110,203,91,8.976375014754012,3.465542016783729,7.464124995749444,3.0196250008884817,1364.5004169957247,339.4550840021111,664.288583007874,634.2958340246696,322.4757080024574,65.9159999631811,16.979375999653712,1025.0453329936136,311.8201260222122,0.0,0.0,0.0,0.0,0.0
404,512,380,192,297,103,8.08574998518452,2.7969579969067127,2.9027090058661997,2.071958006126806,2090.488459012704,351.0076249949634,1143.9826250134502,871.1097089981195,333.9804169954732,75.39612500113435,17.0272079994902,1739.4808340177406,537.1292920026463,0.0,0.0,0.0,0.0,0.0
407,512,268,128,225,95,7.091292005497962,3.698499989695847,2.8833750111516565,1.7502080008853227,1405.6582500052173,373.25487498310395,701.3287089939695,637.5465420132969,345.90962500078604,66.78299899795093,27.34524998231791,1032.4033750221133,291.6369170125108,0.0,0.0,0.0,0.0,0.0
410,353,206,66,150,82,6.022874993504956,2.0864999969489872,2.808874996844679,1.6640409885440022,936.6060419997666,330.63612499972805,381.47374999243766,492.1932500146795,313.8539170031436,62.939041992649436,16.782207996584475,605.9699170000385,178.33933301153593,0.0,0.0,0.0,0.0,0.0
419,512,310,160,258,96,9.211500000674278,3.8438329938799143,6.720417004544288,1.7679590091574937,1870.0558749842457,382.72491600946523,960.2132920117583,836.4459580043331,357.5636250025127,73.39662496815436,25.161291006952524,1487.3309589747805,478.88233300182037,0.0,0.0,0.0,0.0,0.0
426,252,192,70,150,78,5.014624999603257,2.9434589960146695,2.8473749989643693,1.4565419987775385,955.6160000211094,329.77445801952854,409.5075000077486,503.8602079730481,303.4540830121841,42.24829204031266,26.32037500734441,625.8415420015808,200.40612496086396,0.0,0.0,0.0,0.0,0.0
428,252,192,70,152,80,6.529791979119182,3.540167002938688,2.716417016927153,2.0880420051980764,1027.9134169977624,339.4802500260994,442.1112080162857,525.8053750148974,321.9004580168985,59.99683396657929,17.5797920092009,688.433166971663,203.90491699799895,0.0,0.0,0.0,0.0,0.0
442,252,192,70,222,150,7.103666983311996,4.222082992782816,2.7362079999875277,0.9851250215433538,1238.3516249828972,506.7368329910096,424.46216600365005,744.9606670124922,487.959582998883,68.92879196675494,18.7772499921266,731.6147919918876,257.0010840136092,0.0,0.0,0.0,0.0,0.0
448,400,267,96,313,215,9.963749995222315,5.342999997083098,5.207999987760559,3.736500017112121,1698.2455420074984,716.2761669897009,627.4807910085656,993.2501669973135,687.8328330058139,77.51458400161937,28.443333983886987,981.9693750177976,305.4173339914996,0.0,0.0,0.0,0.0,0.0
449,400,267,96,282,184,8.61329201143235,4.131709021748975,2.3217500129248947,1.8892079824581742,1644.6569580002688,604.3939579976723,593.0492919869721,957.7552079863381,577.4199159932323,93.85245802695863,26.97404200443998,1040.2630000025965,380.3352919931058,0.0,0.0,0.0,0.0,0.0
452,384,120,75,267,190,7.5348750106059015,5.38108401815407,9.01850001537241,1.6095000028144568,1399.2523339984473,614.2537079867907,504.674417024944,819.5105000049807,587.837541999761,75.0674169685226,26.41616598702967,784.9986260116566,231.6729580052197,0.0,0.0,0.0,0.0,0.0
453,400,267,96,272,174,8.152374997735023,3.890541003784165,9.345750004285946,1.528583001345396,1736.8330829776824,621.8544580042362,644.8107920004986,1020.5806670128368,592.1462090045679,71.44162396434695,29.708248999668285,1114.9786249734461,428.43445800826885,0.0,0.0,0.0,0.0,0.0
454,400,267,96,290,192,8.210792002500966,4.586958006257191,2.6731670077424496,2.0506249857135117,1507.33283298905,680.3778339817654,504.93445800384507,954.6224999940023,653.6297080165241,47.77587499120273,26.748125965241343,826.9549990072846,300.9927919774782,0.0,0.0,0.0,0.0,0.0
477,320,192,77,250,171,8.806249999906868,4.097583005204797,2.052875002846122,1.64974998915568,1472.4783749843482,651.686791999964,572.3242920066696,840.8409169933293,620.733374991687,59.313165984349325,30.95341700827703,820.7915829843841,220.1075420016423,0.0,0.0,0.0,0.0,0.0
478,55,256,72,239,165,6.7797919909935445,3.9354999898932874,6.273707986110821,7.842667022487149,1413.2525419990998,656.4648749772459,557.1880420029629,776.639041985618,635.515417001443,79.42545801051892,20.949457975802943,756.7876670218538,141.12362498417497,0.0,0.0,0.0,0.0,0.0
480,338,162,72,237,163,8.890665980288759,4.486916994210333,2.947291999589652,2.085457992507145,1415.9366250096355,659.3965830106754,547.6819580071606,786.5941250056494,632.8694999974687,81.66054199682549,26.52708301320672,756.5400419989601,153.72462500818074,0.0,0.0,0.0,0.0,0.0
481,400,267,96,298,200,8.48262498038821,5.672917002812028,9.211124997818843,2.366333006648347,1744.292540999595,797.1965420001652,624.5113330078311,1025.622791989008,770.3089999849908,94.15841600275598,26.887542015174404,947.0959989994299,255.31379200401716,0.0,0.0,0.0,0.0,0.0
482,400,267,96,277,179,8.112042007269338,4.090417001862079,8.99125001160428,1.5955829876475036,1819.9807910132222,686.6074170102365,626.94362498587,1107.9000839963555,659.8867499851622,85.13708203099668,26.720667025074363,1133.3733740029857,448.01333401119336,0.0,0.0,0.0,0.0,0.0
484,357,227,77,250,171,7.219999999506399,4.44833398796618,3.362166986335069,2.4058339768089354,1441.5217910136562,635.9830420115031,596.3898339832667,811.854333995143,616.2005420192145,33.277623035246506,19.78249999228865,805.538749002153,195.65379197592847,0.0,0.0,0.0,0.0,0.0
486,400,267,96,256,158,9.452416998101398,3.041791991563514,3.148584015434608,0.9962920157704502,1578.0590830254368,616.6375419998076,641.7389170092065,869.7923750150949,597.0085829903837,66.52779100113548,19.628959009423852,961.4215410256293,272.78379202471115,0.0,0.0,0.0,0.0,0.0
487,400,267,96,300,202,9.404457989148796,4.803125018952414,6.925374997081235,1.889374980237335,1803.3981249900535,786.8432499817573,626.4884170086589,1089.3488329893444,758.5430830076803,87.56087499205023,28.300166974077,1016.5548750082962,330.8057499816641,0.0,0.0,0.0,0.0,0.0
488,400,267,96,309,211,8.9579580235295,4.659915983211249,6.5054580045398325,1.996167004108429,1971.1710420087911,857.6151249872055,725.427708006464,1157.4823750124779,832.2575000056531,88.26095898984931,25.357624981552362,1113.5559170215856,325.22487500682473,0.0,0.0,0.0,0.0,0.0
858,183,487,90,164,72,6.219542003236711,3.3250830019824207,7.646042009582743,1.8265830003656447,1346.7555830138735,389.7592079883907,655.6984999915585,601.7770420003217,362.87158401682973,89.28004102199338,26.88762397156097,956.9963750254828,238.90545798349194,0.0,0.0,0.0,0.0,0.0
863,497,53,75,166,89,7.918084011180326,2.6337500021327287,9.176124993246049,1.5149999817367643,1405.0182079954538,382.3719999927562,591.8260419857688,707.8650410112459,363.6272919829935,105.3271249984391,18.74470800976269,1022.6462080026977,344.23774902825244,0.0,0.0,0.0,0.0,0.0
